unique_id,,MGA,FULL POLICY NUMBER,POLICY EFFECTIVE DATE,POLICY EXPIRATION DATE,INSURED NAME,INSURED ADDRESS,INSURED CITY,INSURED STATE,INSURED ZIP,TRANSACTION EFFECTIVE DATE,TRANSACTION EXPIRATION DATE,PREMIUM,SURCHARGE AMOUNT,TAX AMOUNT,BOOK OR PROCESS DATE,POLICY TYPE,TRANSACTION TYPE,RETROACTIVE DATE,RISK/LOCATION ADDRESS,RISK/LOCATION CITY,RISK/LOCATION STATE,RISK/LOCATION ZIP,EXPOSURE TYPE,EXPOSURE AMOUNT,POLICY OCCURRENCE LIMIT,POLICY AGGREGATE LIMIT,SIR/DEDUCTIBLE AMOUNT,SIR/DEDUCTIBLE TYPE,ANNUAL STATEMENT LINE CODE,ISSUE DATE,POLICY EVENT NUMBER,RATE PER MEMBER,HOME STATE,CLASS CODE,LIABILITY (DIRECTORS AND OFFICERS),COVERAGE SUB CODE,RISK/LOCATION #,_ID,PROGRAM NAME,ISSUING COMPANY,TERRORISM PREMIUM,TOTAL GROSS PREMIUM INCLUDING TERRORISM,COMMISSION AMOUNT,NET PREMIUM,SURCHARGE TYPE,TAX TYPE,FEE AMOUNT,FEE TYPE,PAYMENT TERMS,PRIMARY/EXCESS INDICATOR,ATTACHMENT POINT,CM/OCC INDICATOR,RISK/LOCATION PREMIUM,TECHNICAL PRICE,IRPM (INDIVIDUAL RISK PREMIUM MODIFICATION),SIR/DEDUCTIBLE INDICATOR,NAICS OR SIC CODE,ANNUAL STATEMENT LINE DESCRIPTION,EXPIRING POLICY NUMBER,COMPANION POLICY NUMBER,CARRIER %,CARRIER LIMIT,BROKER/AGENT,BROKER/AGENT ADDRESS,BROKER/AGENT CITY,BROKER/AGENT STATE,BROKER/AGENT ZIP,DIRECT/ASSUMED,FAC?,FAC REINSURANCE ATTACHMENT POINT,DAMAGE TO PREMISES RENTED TO YOU LIMIT,MEDICAL EXPENSE LIMIT INCLUDED,MEDICAL EXPENSE LIMIT,PERSONAL AND ADVERTISING INJURY LIMIT,PRODUCTS/COMPLETED OPERATIONS AGGREGATE LIMIT,2ND LAYER DEDUCTIBLE - PER OCCURRENCE,2ND LAYER DEDUCTIBLE AGGREGATE,STOP GAP LIMIT,EMPLOYEE BENEFITS LIMIT,ENDORSEMENT NUMBER,CEDED FAC REINSURANCE CARRIER,CEDED PREMIUM TO FAC REINSURANCE,CERTIFICATE NUMBER,COVERAGE CEDED TO FAC REINSURER,SL TAX BROKER COMPANY,SL TAX BROKER NAME,SL TAX BROKER ADDRESS,SL BROKER CITY,SL BROKER STATE,SL BROKER ZIP,SL LICENSE NUMBER,NJ TRANSACTION NUMBER,COVERAGE CODE,CA LIMIT,MTC LIMIT,APD LIMIT,CA DEDUCTIBLE AMOUNT,MTC DEDUCTIBLE AMOUNT,APD DEDUCTIBLE AMOUNT,RATING CLASS CODE,FLEET INDICATOR,FLEET SIZE,HIRED CAR,NON OWNED,DRIVE OTHER CAR,VEHICLE NUMBER,COVERAGE SYMBOL,COST NEW,VEHICLE BODY TYPE,VEHICLE TYPE,RADIUS OF USE,BUSINESS USE CLASS,GROSS VEHICLE WEIGHT,VEHICLE MAKE,VEHICLE MODEL,MODEL YEAR,AXEL COUNT,VEHICLE IDENTIFICATION NUMBER,TRACTOR GCW,COST OF HIRE,SPECIALIZED VEHICLE TYPE,"VEHICLE NUMBER OF SEATS, SEATING CAPACITY",OCCUPANCY,CLASS CODE DESCRIPTION,100% LIMIT,BUILDING_VALUE,COINSURANCE,BUILDING VALUATION,AGREED VALUE,CONTENTS VALUE,BI/RENTAL INCOME VALUE,OTHER STRUCTURE LIMIT,TIV,CONSTRUCTION,YEAR BUILT,# OF STORIES,SQUARE FOOTAGE,AOP DEDUCTIBLE,AOP LIMIT,FLOOD LIMIT,FLOOD % DEDUCTIBLE,FLOOD DEDUCIBLE,FLOOD ZONE,EARTHQUAKE LIMIT,EARTHQUAKE % DEDUCTIBLE,EARTHQUAKE DEDUCTIBLE,EARTHQUAKE ZONE,WIND LIMIT,WIND DEDUCTIBLE,WIND % DEDUCIBLE,EQUIPMENT BREAKDOWN LIMIT,EQUIPMENT BREAKDOWN DEDUCTIBLE,PROTECTION CLASS,100% SMOKE DETECTORS,SPRINKLER PROTECTION TYPE CODE,PERCENTAGE OF SPRINKLER COVERAGE,BREACH OF PRIVACY EVENT,DATA AND SOFTWARE LOSS,NETWORK SERVICE FAILURE LIABILITIES,BUSINESS INTERRUPTION,CONTINGENT BUSINESS INTERRUPTION,INCIDENT RESPONSE COSTS,REGULATORY AND DEFENSE COVERAGE,PRODUCT AND OPERATIONS LIABILITY,LIABILITY (TECH E&O),LIABILITY (PROFESSIONAL SERVICES),MEDIA,FINANCIAL THEFT AND FRAUD,REPUTATIONAL DAMAGES,CYBER EXTORTION,INTELLECTUAL PROPERTY THEFT
23f51398-37d0-4157-8bbd-243b7adb5627,,,,,,,,,,,,,,,,,,,,,,,,,,,,,,17,,,,,,,,,,,,,,,,,,,,,,,,,,,,,,,,,,,,,,,,,,,,,,,,,,,,,,,,,,,,,,,,,,,,,,,,,,,,,,,,,,,,,,,,,,,,,,,,,,,,,,,,,,,,,,,,,,,,,,,,,,,,,,,,,,,,,,,,,,,,,,
1f36fe52-4874-4080-8d42-57103b012325,,,,,,,,,,,,,,,,,,,,,,,,,,,,,,17,,,,,,,,,,,,,,,,,,,,,,,,,,,,,,,,,,,,,,,,,,,,,,,,,,,,,,,,,,,,,,,,,,,,,,,,,,,,,,,,,,,,,,,,,,,,,,,,,,,,,,,,,,,,,,,,,,,,,,,,,,,,,,,,,,,,,,,,,,,,,,
fcb33094-3086-43fd-9af6-dee6f1fa4115,,,,,,,,,,,,,,,,,,,,,,,,,,,,,,17,,,,,,,,,,,,,,,,,,,,,,,,,,,,,,,,,,,,,,,,,,,,,,,,,,,,,,,,,,,,,,,,,,,,,,,,,,,,,,,,,,,,,,,,,,,,,,,,,,,,,,,,,,,,,,,,,,,,,,,,,,,,,,,,,,,,,,,,,,,,,,
2f4213e6-2911-4a44-8884-e82320e830fe,,,,,,,,,,,,,,,,,,,,,,,,,,,,,,17,,,,,,,,,,,,,,,,,,,,,,,,,,,,,,,,,,,,,,,,,,,,,,,,,,,,,,,,,,,,,,,,,,,,,,,,,,,,,,,,,,,,,,,,,,,,,,,,,,,,,,,,,,,,,,,,,,,,,,,,,,,,,,,,,,,,,,,,,,,,,,
853591ed-ed4f-45c8-b7d2-942e86368d32,,,,,,,,,,,,,,,,,,,,,,,,,,,,,,17,,,,,,,,,,,,,,,,,,,,,,,,,,,,,,,,,,,,,,,,,,,,,,,,,,,,,,,,,,,,,,,,,,,,,,,,,,,,,,,,,,,,,,,,,,,,,,,,,,,,,,,,,,,,,,,,,,,,,,,,,,,,,,,,,,,,,,,,,,,,,,
c91a6651-d4c4-4507-9697-4193aff3e5d3,,,,,,,,,,,,,,,,,,,,,,,,,,,,,,17,,,,,,,,,,,,,,,,,,,,,,,,,,,,,,,,,,,,,,,,,,,,,,,,,,,,,,,,,,,,,,,,,,,,,,,,,,,,,,,,,,,,,,,,,,,,,,,,,,,,,,,,,,,,,,,,,,,,,,,,,,,,,,,,,,,,,,,,,,,,,,
4930da05-8015-41fa-876e-3b6cf70fb3b8,,,,,,,,,,,,,,,,,,,,,,,,,,,,,,17,,,,,,,,,,,,,,,,,,,,,,,,,,,,,,,,,,,,,,,,,,,,,,,,,,,,,,,,,,,,,,,,,,,,,,,,,,,,,,,,,,,,,,,,,,,,,,,,,,,,,,,,,,,,,,,,,,,,,,,,,,,,,,,,,,,,,,,,,,,,,,
12a61a48-3210-453e-9ae3-906ff807fe6a,,,,,,,,,,,,,,,,,,,,,,,,,,,,,,17,,,,,,,,,,,,,,,,,,,,,,,,,,,,,,,,,,,,,,,,,,,,,,,,,,,,,,,,,,,,,,,,,,,,,,,,,,,,,,,,,,,,,,,,,,,,,,,,,,,,,,,,,,,,,,,,,,,,,,,,,,,,,,,,,,,,,,,,,,,,,,
1b4420d4-d9f9-4c8d-9f61-1a095dcf65e4,,,,,,,,,,,,,,,,,,,,,,,,,,,,,,17,,,,,,,,,,,,,,,,,,,,,,,,,,,,,,,,,,,,,,,,,,,,,,,,,,,,,,,,,,,,,,,,,,,,,,,,,,,,,,,,,,,,,,,,,,,,,,,,,,,,,,,,,,,,,,,,,,,,,,,,,,,,,,,,,,,,,,,,,,,,,,
123d84bd-9c23-4e1e-a129-04fb70f1db58,,,,,,,,,,,,,,,,,,,,,,,,,,,,,,17,,,,,,,,,,,,,,,,,,,,,,,,,,,,,,,,,,,,,,,,,,,,,,,,,,,,,,,,,,,,,,,,,,,,,,,,,,,,,,,,,,,,,,,,,,,,,,,,,,,,,,,,,,,,,,,,,,,,,,,,,,,,,,,,,,,,,,,,,,,,,,
fdfe70b5-88a2-4e19-8aaa-b2bfb33ad28b,,,,,,,,,,,,,,,,,,,,,,,,,,,,,,17,,,,,,,,,,,,,,,,,,,,,,,,,,,,,,,,,,,,,,,,,,,,,,,,,,,,,,,,,,,,,,,,,,,,,,,,,,,,,,,,,,,,,,,,,,,,,,,,,,,,,,,,,,,,,,,,,,,,,,,,,,,,,,,,,,,,,,,,,,,,,,
