unique_id,MGA,FULL POLICY NUMBER,POLICY EFFECTIVE DATE,POLICY EXPIRATION DATE,INSURED NAME,INSURED ADDRESS,INSURED CITY,INSURED STATE,INSURED ZIP,TRANSACTION EFFECTIVE DATE,TRANSACTION EXPIRATION DATE,PREMIUM,COMMISSION AMOUNT,BOOK OR PROCESS DATE,POLICY TYPE,TRANSACTION TYPE,PRIMARY/EXCESS INDICATOR,CM/OCC INDICATOR,RISK/LOCATION ADDRESS,RISK/LOCATION STATE,RISK/LOCATION ZIP,EXPOSURE TYPE,POLICY OCCURRENCE LIMIT,POLICY AGGREGATE LIMIT,SIR/DEDUCTIBLE AMOUNT,SIR/DEDUCTIBLE TYPE,EXPIRING POLICY NUMBER,POLICY EVENT NUMBER,CARRIER %,BROKER/AGENT,BROKER/AGENT ADDRESS,BROKER/AGENT CITY,BROKER/AGENT STATE,BROKER/AGENT ZIP,MEDICAL EXPENSE LIMIT,PERSONAL AND ADVERTISING INJURY LIMIT,RATE PER MEMBER,NJ TRANSACTION NUMBER,COVERAGE CODE,COVERAGE SUB CODE,FLEET INDICATOR,VEHICLE NUMBER,RADIUS OF USE,GROSS VEHICLE WEIGHT,VEHICLE MAKE,VEHICLE IDENTIFICATION NUMBER,"VEHICLE NUMBER OF SEATS, SEATING CAPACITY",AOP DEDUCTIBLE,ATTACHMENT POINT,VEHICLE MODEL,MODEL YEAR,VEHICLE TYPE
088ca242-e764-492f-a9e2-7e84beac864a,Daniel Abrahamsen,ASC-2977825-00,05-09-2023,05-09-2024,ELIAZAR MORALES,21400 DAWES ST,PERRIS,CA,92570-9214,01-09-2023,05-09-2024," $14,268.25 "," $2,496.94 ",01-09-2023,New Business,NB,Primary,Occurrence,21400 DAWES ST,CA,92570,1,1000000,"$2,000,000",,Occurrence,,ASC-2977825-00,100,Cover Whale Insurance Solutions Inc.,9584 Greensburg Ave,Las Vegas,Nevada,89178,5000.0,,14268.25,0,AL,AL,0.94,3AKJGLDV6JSJX7317,1.4565,"Extra Heavy Trucks (45,001+)",FREIGHTLINER,3AKJGLDV6JSJX7317,01-Aug,,0,CASCADIA,2018,Truck
5237e1b1-4968-4b31-8bbc-76943ebd35d4,Daniel Abrahamsen,ASC-2977825-00,05-09-2023,05-09-2024,ELIAZAR MORALES,21400 DAWES ST,PERRIS,CA,92570-9214,01-09-2023,05-09-2024, $-   , $-   ,01-09-2023,New Business,NB,Primary,Occurrence,21400 DAWES ST,CA,92570,1,1000000,"$2,000,000",,Occurrence,,ASC-2977825-00,100,Cover Whale Insurance Solutions Inc.,9584 Greensburg Ave,Las Vegas,Nevada,89178,5000.0,,14268.25,0,PIP,PIP,0.94,3AKJGLDV6JSJX7317,1.4565,"Extra Heavy Trucks (45,001+)",FREIGHTLINER,3AKJGLDV6JSJX7317,01-Aug,,0,CASCADIA,2018,Truck
b07fab5f-e808-4be7-8fc7-22a9724573e7,Daniel Abrahamsen,ASC-2977825-00,05-09-2023,05-09-2024,ELIAZAR MORALES,21400 DAWES ST,PERRIS,CA,92570-9214,01-09-2023,05-09-2024, $34.29 , $6.00 ,01-09-2023,New Business,NB,Primary,Occurrence,21400 DAWES ST,CA,92570,1,1000000,"$2,000,000",,Occurrence,,ASC-2977825-00,100,Cover Whale Insurance Solutions Inc.,9584 Greensburg Ave,Las Vegas,Nevada,89178,5000.0,,14268.25,0,MedPay,MedPay,0.94,3AKJGLDV6JSJX7317,1.4565,"Extra Heavy Trucks (45,001+)",FREIGHTLINER,3AKJGLDV6JSJX7317,01-Aug,,0,CASCADIA,2018,Truck
7d28102e-0b29-419b-94b6-ebe291f76b39,Daniel Abrahamsen,ASC-2977825-00,05-09-2023,05-09-2024,ELIAZAR MORALES,21400 DAWES ST,PERRIS,CA,92570-9214,01-09-2023,05-09-2024, $259.84 , $45.47 ,01-09-2023,New Business,NB,Primary,Occurrence,21400 DAWES ST,CA,92570,1,1000000,"$2,000,000",,Occurrence,,ASC-2977825-00,100,Cover Whale Insurance Solutions Inc.,9584 Greensburg Ave,Las Vegas,Nevada,89178,5000.0,,14268.25,0,UM/UIM,UM/UIM,0.94,3AKJGLDV6JSJX7317,1.4565,"Extra Heavy Trucks (45,001+)",FREIGHTLINER,3AKJGLDV6JSJX7317,01-Aug,,0,CASCADIA,2018,Truck
d8e60067-b6ce-4826-a0e0-2d150137ede4,Daniel Abrahamsen,ASC-7390005-00,05-09-2023,05-09-2024,Soniya D Transport LLC,5001 West Florida Avenue Space 123,Hemet,CA,92545,02-09-2023,05-09-2024," $9,823.11 "," $1,719.04 ",02-09-2023,New Business,NB,Primary,Occurrence,5001 West Florida Avenue Space 123,CA,92545,1,1000000,"$2,000,000",,Occurrence,,ASC-7390005-00,100,Cover Whale Insurance Solutions Inc.,9584 Greensburg Ave,Las Vegas,Nevada,89178,5000.0,,9823.12,0,AL,AL,0.94,1HTMMMML6GH220033,1.4625,"Medium Trucks (10,000 - 20,000)",INT'L,1HTMMMML6GH220033,01-Aug,,0,4300,2016,Truck
ef98c8ed-d62d-40a2-85c3-5f59c1b78e72,Daniel Abrahamsen,ASC-7390005-00,05-09-2023,05-09-2024,Soniya D Transport LLC,5001 West Florida Avenue Space 123,Hemet,CA,92545,02-09-2023,05-09-2024, $-   , $-   ,02-09-2023,New Business,NB,Primary,Occurrence,5001 West Florida Avenue Space 123,CA,92545,1,1000000,"$2,000,000",,Occurrence,,ASC-7390005-00,100,Cover Whale Insurance Solutions Inc.,9584 Greensburg Ave,Las Vegas,Nevada,89178,5000.0,,9823.12,0,PIP,PIP,0.94,1HTMMMML6GH220033,1.4625,"Medium Trucks (10,000 - 20,000)",INT'L,1HTMMMML6GH220033,01-Aug,,0,4300,2016,Truck
281b2aee-cec5-47d9-8a3a-f802efd85891,Daniel Abrahamsen,ASC-7390005-00,05-09-2023,05-09-2024,Soniya D Transport LLC,5001 West Florida Avenue Space 123,Hemet,CA,92545,02-09-2023,05-09-2024, $64.07 , $11.21 ,02-09-2023,New Business,NB,Primary,Occurrence,5001 West Florida Avenue Space 123,CA,92545,1,1000000,"$2,000,000",,Occurrence,,ASC-7390005-00,100,Cover Whale Insurance Solutions Inc.,9584 Greensburg Ave,Las Vegas,Nevada,89178,5000.0,,9823.12,0,MedPay,MedPay,0.94,1HTMMMML6GH220033,1.4625,"Medium Trucks (10,000 - 20,000)",INT'L,1HTMMMML6GH220033,01-Aug,,0,4300,2016,Truck
77764d1c-91e4-47a5-ac2f-3b38d57ae4f2,Daniel Abrahamsen,ASC-7390005-00,05-09-2023,05-09-2024,Soniya D Transport LLC,5001 West Florida Avenue Space 123,Hemet,CA,92545,02-09-2023,05-09-2024, $263.15 , $46.05 ,02-09-2023,New Business,NB,Primary,Occurrence,5001 West Florida Avenue Space 123,CA,92545,1,1000000,"$2,000,000",,Occurrence,,ASC-7390005-00,100,Cover Whale Insurance Solutions Inc.,9584 Greensburg Ave,Las Vegas,Nevada,89178,5000.0,,9823.12,0,UM/UIM,UM/UIM,0.94,1HTMMMML6GH220033,1.4625,"Medium Trucks (10,000 - 20,000)",INT'L,1HTMMMML6GH220033,01-Aug,,0,4300,2016,Truck
a092a508-798b-4429-a984-d035856fef0b,Daniel Abrahamsen,ASC-2279688-00,05-09-2023,05-09-2024,ALL POWER TRUCKING LLC,8870 NW 36TH ST APT 3302,DORAL,FL,33178,02-09-2023,05-09-2024," $18,655.40 "," $3,264.70 ",02-09-2023,New Business,NB,Primary,Occurrence,6256 NW 84th Ave,FL,33166,1,1000000,"$2,000,000",,Occurrence,,ASC-2279688-00,100,Cover Whale Insurance Solutions Inc.,9584 Greensburg Ave,Las Vegas,Nevada,89178,,10000.0,18355.4,0,AL,AL,0.95,1XKYD49X5GJ487879,1.13,"Extra Heavy Trucks (45,001+)",KENWORTH,1XKYD49X5GJ487879,01-Aug,,0,T680,2016,Truck
