unique_id,MGA,FULL POLICY NUMBER,POLICY EFFECTIVE DATE,POLICY EXPIRATION DATE,INSURED NAME,INSURED ADDRESS,INSURED CITY,INSURED STATE,INSURED ZIP,TRANSACTION EFFECTIVE DATE,TRANSACTION EXPIRATION DATE,PREMIUM,SURCHARGE AMOUNT,TAX AMOUNT,BOOK OR PROCESS DATE,POLICY TYPE,TRANSACTION TYPE,RETROACTIVE DATE,RISK/LOCATION ADDRESS,RISK/LOCATION CITY,RISK/LOCATION STATE,RISK/LOCATION ZIP,EXPOSURE TYPE,EXPOSURE AMOUNT,POLICY OCCURRENCE LIMIT,POLICY AGGREGATE LIMIT,SIR/DEDUCTIBLE AMOUNT,SIR/DEDUCTIBLE TYPE,ANNUAL STATEMENT LINE CODE,ISSUE DATE,POLICY EVENT NUMBER,RATE PER MEMBER,HOME STATE,CLASS CODE,LIABILITY (DIRECTORS AND OFFICERS),COVERAGE SUB CODE,BROKER/AGENT ADDRESS,BROKER/AGENT,TOTAL GROSS PREMIUM INCLUDING TERRORISM,RISK/LOCATION #,COMMISSION AMOUNT
86b5b32c-aaa6-4164-8508-a93928d85a72,,FCD1000016-00,8/23/2023,8/23/2024,Cleburne County Chamber of Commerce,PO BOX 413,Heflin,AL,36264,8/23/2023,8/23/2024,,,,10-02-2023,1,,,PO BOX 413,Heflin,AL,36264,,,,1000000,,,17,11-01-2023,FCD1000016-00,,AL,,,TERROR,One Year,new,,172,10
4efc4c48-1226-4826-a58c-a88231940a58,,FCD1000016-00,8/23/2023,8/23/2024,Cleburne County Chamber of Commerce,PO BOX 413,Heflin,AL,36264,8/23/2023,8/23/2024,639.0,,,10-02-2023,1,,,PO BOX 413,Heflin,AL,36264,Annual Revenue,132047.0,1000000.0,1000000,2500.0,Retention,17,11-01-2023,FCD1000016-00,1.0,AL,813910.0,,DNOCOV,One Year,new,813910 -Business Associations,172,10
0301ccfa-c875-4039-87fd-ee3a1a0acc7f,,FCD1000016-00,8/23/2023,8/23/2024,Cleburne County Chamber of Commerce,PO BOX 413,Heflin,AL,36264,8/23/2023,8/23/2024,0.0,,,10-02-2023,1,,,PO BOX 413,Heflin,AL,36264,,,,1000000,,,17,11-01-2023,FCD1000016-00,,AL,,,MP,One Year,new,,172,10
0a598415-585d-482a-82c5-9bc44441511e,,FCD1000017-00,10/27/2023,10/27/2024,Colorado Music Festival & Center for Musical Arts,200 E. BASELINE ROAD,Lafayette,CO,80026,10/27/2023,10/27/2024,,,,10/17/2023,1,,,200 E. BASELINE ROAD,Lafayette,CO,80026,,,,2000000,,,17,11-01-2023,FCD1000017-00,,CO,,,TERROR,One Year,new,,172,10
3450558b-e2e1-4a63-9bf5-bbcd722491d2,,FCD1000017-00,10/27/2023,10/27/2024,Colorado Music Festival & Center for Musical Arts,200 E. BASELINE ROAD,Lafayette,CO,80026,10/27/2023,10/27/2024,1175.0,,,10/17/2023,1,,,200 E. BASELINE ROAD,Lafayette,CO,80026,Annual Revenue,2370712.0,1000000.0,2000000,2500.0,Retention,17,11-01-2023,FCD1000017-00,0.75,CO,711130.0,,DNOCOV,One Year,new,711130 -Symphony orchestras,172,10
24f9e797-cde7-4d8f-a94c-676c055edbf5,,FCD1000017-00,10/27/2023,10/27/2024,Colorado Music Festival & Center for Musical Arts,200 E. BASELINE ROAD,Lafayette,CO,80026,10/27/2023,10/27/2024,1035.0,,,10/17/2023,1,,,200 E. BASELINE ROAD,Lafayette,CO,80026,Number of Employee,96.75,1000000.0,2000000,5000.0,Retention,17,11-01-2023,FCD1000017-00,0.75,CO,711130.0,,EPLI,One Year,new,711130 -Symphony orchestras,172,10
35d7eba8-3451-42ba-96bb-df7c8b1130b9,,FCD1000017-00,10/27/2023,10/27/2024,Colorado Music Festival & Center for Musical Arts,200 E. BASELINE ROAD,Lafayette,CO,80026,10/27/2023,10/27/2024,0.0,,,10/17/2023,1,,,200 E. BASELINE ROAD,Lafayette,CO,80026,,,,2000000,,,17,11-01-2023,FCD1000017-00,,CO,,,MP,One Year,new,,172,10
d7e0426f-0c6e-4de1-bab8-1f335e714af5,,FCD1000018-00,10/23/2023,10/23/2024,Brooke's House Foundation,640 TAYLOR ST. STE 1200H,Fort Worth,TX,76102,10/23/2023,10/23/2024,,,,10/28/2023,1,,,640 TAYLOR ST. STE 1200H,Fort Worth,TX,76102,,,,2000000,,,17,11-01-2023,FCD1000018-00,,TX,,,TERROR,One Year,new,,172,10
c64787e1-eb7c-4f0e-bb95-712d8cec1538,,FCD1000018-00,10/23/2023,10/23/2024,Brooke's House Foundation,640 TAYLOR ST. STE 1200H,Fort Worth,TX,76102,10/23/2023,10/23/2024,886.0,,,10/28/2023,1,,,640 TAYLOR ST. STE 1200H,Fort Worth,TX,76102,Annual Revenue,150000.0,1000000.0,2000000,2500.0,Retention,17,11-01-2023,FCD1000018-00,1.15,TX,925110.0,,DNOCOV,One Year,new,925110 -Administration of Housing Programs,172,10
92d249e2-caaa-475e-8429-1aebb373c66b,,FCD1000018-00,10/23/2023,10/23/2024,Brooke's House Foundation,640 TAYLOR ST. STE 1200H,Fort Worth,TX,76102,10/23/2023,10/23/2024,727.0,,,10/28/2023,1,,,640 TAYLOR ST. STE 1200H,Fort Worth,TX,76102,Number of Employee,2.25,1000000.0,2000000,2500.0,Retention,17,11-01-2023,FCD1000018-00,1.0,TX,925110.0,,EPLI,One Year,new,925110 -Administration of Housing Programs,172,10
d5c4de19-04fc-4768-ae09-89ef18e585a0,,FCD1000018-00,10/23/2023,10/23/2024,Brooke's House Foundation,640 TAYLOR ST. STE 1200H,Fort Worth,TX,76102,10/23/2023,10/23/2024,0.0,,,10/28/2023,1,,,640 TAYLOR ST. STE 1200H,Fort Worth,TX,76102,,,,2000000,,,17,11-01-2023,FCD1000018-00,,TX,,,MP,One Year,new,,172,10
