[
  {
    "output_column": "MGA",
    "input_column": "COMPANY_CODE"
  },
  {
    "output_column": "FULL POLICY NUMBER",
    "input_column": "POLICY_NUMBER"
  },
  {
    "output_column": "POLICY EFFECTIVE DATE",
    "input_column": "POL_EFF_DATE"
  },
  {
    "output_column": "POLICY EXPIRATION DATE",
    "input_column": "POL_EXP_DATE"
  },
  {
    "output_column": "INSURED NAME",
    "input_column": "INSURED_NAME"
  },
  {
    "output_column": "INSURED ADDRESS",
    "input_column": "BUSINESS_STREET"
  },
  {
    "output_column": "INSURED CITY",
    "input_column": "BUSINESS_CITY"
  },
  {
    "output_column": "INSURED STATE",
    "input_column": "BUSINESS_STATE"
  },
  {
    "output_column": "INSURED ZIP",
    "input_column": "BUSINESS_ZIP"
  },
  {
    "output_column": "TRANSACTION EFFECTIVE DATE",
    "input_column": "TRANS_EFF_DATE"
  },
  {
    "output_column": "TRANSACTION EXPIRATION DATE",
    "input_column": "TRANS_EXP_DATE"
  },
  {
    "output_column": "PREMIUM",
    "input_column": "WRITTEN_PREMIUM"
  },
  {
    "output_column": "SURCHARGE AMOUNT",
    "input_column": "SURCHARGE-TAX"
  },
  {
    "output_column": "TAX AMOUNT",
    "input_column": "TAX_FULLY_EARNED"
  },
  {
    "output_column": "BOOK OR PROCESS DATE",
    "input_column": "PROCESS_DATE"
  },
  {
    "output_column": "POLICY TYPE",
    "input_column": "TRANSACTIONID"
  },
  {
    "output_column": "TRANSACTION TYPE",
    "input_column": "TRANS_REASON_CD"
  },
  {
    "output_column": "RETROACTIVE DATE",
    "input_column": "RETRO_DATE"
  },
  {
    "output_column": "RISK/LOCATION ADDRESS",
    "input_column": "RISK_STREET"
  },
  {
    "output_column": "RISK/LOCATION CITY",
    "input_column": "RISK_CITY"
  },
  {
    "output_column": "RISK/LOCATION STATE",
    "input_column": "RISK_STATE"
  },
  {
    "output_column": "RISK/LOCATION ZIP",
    "input_column": "RISK_ZIP"
  },
  {
    "output_column": "EXPOSURE TYPE",
    "input_column": "EXPOSURE_BASIS"
  },
  {
    "output_column": "EXPOSURE AMOUNT",
    "input_column": "EXPOSURE_AMT"
  },
  {
    "output_column": "POLICY OCCURRENCE LIMIT",
    "input_column": "LIMIT_PER_OCC"
  },
  {
    "output_column": "POLICY AGGREGATE LIMIT",
    "input_column": "LIMIT_AGGREGATE"
  },
  {
    "output_column": "SIR/DEDUCTIBLE AMOUNT",
    "input_column": "DED_AMT"
  },
  {
    "output_column": "SIR/DEDUCTIBLE TYPE",
    "input_column": "DED_TYPE"
  },
  {
    "output_column": "ANNUAL STATEMENT LINE CODE",
    "input_column": "ASL"
  },
  {
    "output_column": "ISSUE DATE",
    "input_column": "ACCOUNTING_DATE"
  },
  {
    "output_column": "POLICY EVENT NUMBER",
    "input_column": "POLICY_NUMBER"
  },
  {
    "output_column": "RATE PER MEMBER",
    "input_column": "RATE_DEV"
  },
  {
    "output_column": "HOME STATE",
    "input_column": "STATE_DOMICILE"
  },
  {
    "output_column": "CLASS CODE",
    "input_column": "CLASS_CODE"
  },
  {
    "output_column": "LIABILITY (DIRECTORS AND OFFICERS)",
    "input_column": "ACT_OR_OMISSION_CODE"
  },
  {
    "output_column": "COVERAGE SUB CODE",
    "input_column": "COVERAGE_TYPE"
  },
  {
    "output_column": "BROKER/AGENT ADDRESS",
    "input_column": "POLICY_TERM"
  },
  {
    "output_column": "BROKER/AGENT",
    "input_column": "TRANS_TYPE"
  },
  {
    "output_column": "TOTAL GROSS PREMIUM INCLUDING TERRORISM",
    "input_column": "TYPE_OF_BUSINESS"
  },
  {
    "output_column": "RISK/LOCATION #",
    "input_column": "SUBLINE"
  },
  {
    "output_column": "COMMISSION AMOUNT",
    "input_column": "TYPE_OF_POLICY"
  }
]