unique_id,,MGA,FULL POLICY NUMBER,POLICY EFFECTIVE DATE,POLICY EXPIRATION DATE,INSURED NAME,INSURED ADDRESS,INSURED CITY,INSURED STATE,INSURED ZIP,TRANSACTION EFFECTIVE DATE,TRANSACTION EXPIRATION DATE,PREMIUM,COMMISSION AMOUNT,BOOK OR PROCESS DATE,POLICY TYPE,TRANSACTION TYPE,PRIMARY/EXCESS INDICATOR,CM/OCC INDICATOR,RISK/LOCATION ADDRESS,RISK/LOCATION STATE,RISK/LOCATION ZIP,EXPOSURE TYPE,POLICY OCCURRENCE LIMIT,POLICY AGGREGATE LIMIT,SIR/DEDUCTIBLE AMOUNT,SIR/DEDUCTIBLE TYPE,EXPIRING POLICY NUMBER,POLICY EVENT NUMBER,CARRIER %,BROKER/AGENT,BROKER/AGENT ADDRESS,BROKER/AGENT CITY,BROKER/AGENT STATE,BROKER/AGENT ZIP,MEDICAL EXPENSE LIMIT,PERSONAL AND ADVERTISING INJURY LIMIT,RATE PER MEMBER,NJ TRANSACTION NUMBER,COVERAGE CODE,COVERAGE SUB CODE,FLEET INDICATOR,VEHICLE NUMBER,RADIUS OF USE,GROSS VEHICLE WEIGHT,VEHICLE MAKE,VEHICLE IDENTIFICATION NUMBER,"VEHICLE NUMBER OF SEATS, SEATING CAPACITY",AOP DEDUCTIBLE,ATTACHMENT POINT,VEHICLE MODEL,MODEL YEAR,VEHICLE TYPE,PROGRAM NAME,ISSUING COMPANY,TERRORISM PREMIUM,TOTAL GROSS PREMIUM INCLUDING TERRORISM,NET PREMIUM,SURCHARGE AMOUNT,SURCHARGE TYPE,TAX AMOUNT,TAX TYPE,FEE AMOUNT,FEE TYPE,PAYMENT TERMS,RETROACTIVE DATE,RISK/LOCATION #,RISK/LOCATION CITY,RISK/LOCATION PREMIUM,TECHNICAL PRICE,IRPM (INDIVIDUAL RISK PREMIUM MODIFICATION),EXPOSURE AMOUNT,SIR/DEDUCTIBLE INDICATOR,NAICS OR SIC CODE,ANNUAL STATEMENT LINE CODE,ANNUAL STATEMENT LINE DESCRIPTION,ISSUE DATE,COMPANION POLICY NUMBER,CARRIER LIMIT,DIRECT/ASSUMED,FAC?,FAC REINSURANCE ATTACHMENT POINT,DAMAGE TO PREMISES RENTED TO YOU LIMIT,MEDICAL EXPENSE LIMIT INCLUDED,PRODUCTS/COMPLETED OPERATIONS AGGREGATE LIMIT,2ND LAYER DEDUCTIBLE - PER OCCURRENCE,2ND LAYER DEDUCTIBLE AGGREGATE,STOP GAP LIMIT,EMPLOYEE BENEFITS LIMIT,ENDORSEMENT NUMBER,CEDED FAC REINSURANCE CARRIER,CEDED PREMIUM TO FAC REINSURANCE,CERTIFICATE NUMBER,COVERAGE CEDED TO FAC REINSURER,HOME STATE,SL TAX BROKER COMPANY,SL TAX BROKER NAME,SL TAX BROKER ADDRESS,SL BROKER CITY,SL BROKER STATE,SL BROKER ZIP,SL LICENSE NUMBER,CA LIMIT,MTC LIMIT,APD LIMIT,CA DEDUCTIBLE AMOUNT,MTC DEDUCTIBLE AMOUNT,APD DEDUCTIBLE AMOUNT,RATING CLASS CODE,FLEET SIZE,HIRED CAR,NON OWNED,DRIVE OTHER CAR,COVERAGE SYMBOL,COST NEW,VEHICLE BODY TYPE,BUSINESS USE CLASS,AXEL COUNT,TRACTOR GCW,COST OF HIRE,SPECIALIZED VEHICLE TYPE,OCCUPANCY,CLASS CODE,CLASS CODE DESCRIPTION,100% LIMIT,BUILDING_VALUE,COINSURANCE,BUILDING VALUATION,AGREED VALUE,CONTENTS VALUE,BI/RENTAL INCOME VALUE,OTHER STRUCTURE LIMIT,TIV,CONSTRUCTION,YEAR BUILT,# OF STORIES,SQUARE FOOTAGE,AOP LIMIT,FLOOD LIMIT,FLOOD % DEDUCTIBLE,FLOOD DEDUCIBLE,FLOOD ZONE,EARTHQUAKE LIMIT,EARTHQUAKE % DEDUCTIBLE,EARTHQUAKE DEDUCTIBLE,EARTHQUAKE ZONE,WIND LIMIT,WIND DEDUCTIBLE,WIND % DEDUCIBLE,EQUIPMENT BREAKDOWN LIMIT,EQUIPMENT BREAKDOWN DEDUCTIBLE,PROTECTION CLASS,100% SMOKE DETECTORS,SPRINKLER PROTECTION TYPE CODE,PERCENTAGE OF SPRINKLER COVERAGE,BREACH OF PRIVACY EVENT,DATA AND SOFTWARE LOSS,NETWORK SERVICE FAILURE LIABILITIES,BUSINESS INTERRUPTION,CONTINGENT BUSINESS INTERRUPTION,INCIDENT RESPONSE COSTS,REGULATORY AND DEFENSE COVERAGE,PRODUCT AND OPERATIONS LIABILITY,LIABILITY (TECH E&O),LIABILITY (PROFESSIONAL SERVICES),LIABILITY (DIRECTORS AND OFFICERS),MEDIA,FINANCIAL THEFT AND FRAUD,REPUTATIONAL DAMAGES,CYBER EXTORTION,INTELLECTUAL PROPERTY THEFT
818952ff-0fd5-4d6c-973e-7f928622a89f,,,,,,,,,,,,,,,,,,,,,,,,,,,,,,,,,,,,,,,,,,,,,,,,,,,,,,,,,,,,,,,,,,,,,,,,,,,,,,,,,,,,,,,,,,,,,,,,,,,,,,,,,,,,,,,,,,,,,,,,,,,,,,,,,,,,,,,,,,,,,,,,,,,,,,,,,,,,,,,,,,,,,,,,,,,
57e58bf5-0ee6-4f60-add9-99a09347ae9f,,,,,,,,,,,,,,,,,,,,,,,,,,,,,,,,,,,,,,,,,,,,,,,,,,,,,,,,,,,,,,,,,,,,,,,,,,,,,,,,,,,,,,,,,,,,,,,,,,,,,,,,,,,,,,,,,,,,,,,,,,,,,,,,,,,,,,,,,,,,,,,,,,,,,,,,,,,,,,,,,,,,,,,,,,,
5c93f8b7-aac4-479a-a726-7c5b6682c381,,,,,,,,,,,,,,,,,,,,,,,,,,,,,,,,,,,,,,,,,,,,,,,,,,,,,,,,,,,,,,,,,,,,,,,,,,,,,,,,,,,,,,,,,,,,,,,,,,,,,,,,,,,,,,,,,,,,,,,,,,,,,,,,,,,,,,,,,,,,,,,,,,,,,,,,,,,,,,,,,,,,,,,,,,,
880d7bf4-9f26-45af-b4fa-1640c64ac0c2,,,,,,,,,,,,,,,,,,,,,,,,,,,,,,,,,,,,,,,,,,,,,,,,,,,,,,,,,,,,,,,,,,,,,,,,,,,,,,,,,,,,,,,,,,,,,,,,,,,,,,,,,,,,,,,,,,,,,,,,,,,,,,,,,,,,,,,,,,,,,,,,,,,,,,,,,,,,,,,,,,,,,,,,,,,
4f658079-729e-4939-b2b2-1a0f25dd743b,,,,,,,,,,,,,,,,,,,,,,,,,,,,,,,,,,,,,,,,,,,,,,,,,,,,,,,,,,,,,,,,,,,,,,,,,,,,,,,,,,,,,,,,,,,,,,,,,,,,,,,,,,,,,,,,,,,,,,,,,,,,,,,,,,,,,,,,,,,,,,,,,,,,,,,,,,,,,,,,,,,,,,,,,,,
e2b89d7c-9f9e-4f9f-86f9-32ac07c105bf,,,,,,,,,,,,,,,,,,,,,,,,,,,,,,,,,,,,,,,,,,,,,,,,,,,,,,,,,,,,,,,,,,,,,,,,,,,,,,,,,,,,,,,,,,,,,,,,,,,,,,,,,,,,,,,,,,,,,,,,,,,,,,,,,,,,,,,,,,,,,,,,,,,,,,,,,,,,,,,,,,,,,,,,,,,
88b461cc-3adb-4b40-9301-3adbd4a88e8b,,,,,,,,,,,,,,,,,,,,,,,,,,,,,,,,,,,,,,,,,,,,,,,,,,,,,,,,,,,,,,,,,,,,,,,,,,,,,,,,,,,,,,,,,,,,,,,,,,,,,,,,,,,,,,,,,,,,,,,,,,,,,,,,,,,,,,,,,,,,,,,,,,,,,,,,,,,,,,,,,,,,,,,,,,,
34ac9e1c-3989-4ced-b6f9-5d3afd9a47d9,,,,,,,,,,,,,,,,,,,,,,,,,,,,,,,,,,,,,,,,,,,,,,,,,,,,,,,,,,,,,,,,,,,,,,,,,,,,,,,,,,,,,,,,,,,,,,,,,,,,,,,,,,,,,,,,,,,,,,,,,,,,,,,,,,,,,,,,,,,,,,,,,,,,,,,,,,,,,,,,,,,,,,,,,,,
2605df14-c835-4660-96a3-cbef81b34167,,,,,,,,,,,,,,,,,,,,,,,,,,,,,,,,,,,,,,,,,,,,,,,,,,,,,,,,,,,,,,,,,,,,,,,,,,,,,,,,,,,,,,,,,,,,,,,,,,,,,,,,,,,,,,,,,,,,,,,,,,,,,,,,,,,,,,,,,,,,,,,,,,,,,,,,,,,,,,,,,,,,,,,,,,,
